{"cameraMode":{"drawMode":0,"name":"Shaded","section":"Shading Mode"},"sceneLighting":false,"audioPlay":false,"sceneViewState":{"showFog":true,"showMaterialUpdate":false,"showSkybox":false,"showFlares":true,"showImageEffects":true,"showParticleSystems":true,"showVisualEffectGraphs":true,"m_FxEnabled":true},"in2DMode":false,"pivot":{"x":0.5553668737411499,"y":-1.5273690223693848e-7,"z":0.009462051093578339},"rotation":{"x":-0.20495423674583436,"y":-0.7919142842292786,"z":0.3651120066642761,"w":-0.4445132315158844},"size":8.395330429077149,"orthographic":false}